distanceDrug2017mean,distanceDrug2017max,distanceDrug2017min,id
254480.40961,268179.305367,238603.239991,0
240634.989835,257851.350764,226248.29277,1
255861.069636,276752.874362,236397.960037,2
142655.243485,160508.011531,122429.392276,3
130019.264051,146686.237369,116697.364796,4
67841.6057796,107002.89576,25887.3962348,5
106379.782223,124251.669241,88272.3127313,6
77006.5975842,88703.5802866,63053.764609,7
149494.867434,163483.951005,129769.865769,8
242780.207917,245813.401926,239080.490348,9
212385.719262,235348.194066,179054.838015,10
187900.746053,207158.835131,169636.03442,11
32586.7861327,40104.081925,24705.097259,12
237401.826111,261413.01248,209049.146755,13
106338.179036,120748.387271,92131.8843802,14
41732.3964637,51524.4588767,35343.4582615,15
110383.354757,132366.80197,91796.9018665,16
85958.4670885,99280.1629094,71272.5599301,17
140314.807409,151934.614596,130394.014991,18
137965.275714,153015.965032,120482.877995,19
109670.36407,126249.176099,93054.185971,20
80865.0395138,86835.8051561,75975.3047973,21
631037.690316,650526.012225,619393.905089,22
71007.314066,86008.2579123,56856.1475159,23
89524.497847,102191.951954,76758.5757889,24
84889.1495961,109422.34591,60632.335301,25
22842.5787729,31478.3577805,13831.6968433,26
33108.227848,53798.1459194,16982.4256232,27
15274.6888585,33964.0591314,0.0,28
85610.1602712,107518.817589,64222.84678,29
54078.5107138,72775.3348838,36353.6139129,30
78155.7285091,97453.8819017,56022.6042626,31
58571.2453623,84603.96,40075.56,32
61731.5343099,81844.8136073,36479.7593683,33
58038.7676329,88086.458157,11319.3603909,34
267629.386967,305081.115164,222277.224608,35
343329.618318,373628.184948,302793.12,36
311859.778545,336821.900765,293674.88135,37
30534.2526272,86005.1530754,0.0,38
182037.543533,205137.796649,160468.771566,39
102189.380239,125958.85248,80271.9819314,40
85036.7215418,95524.5796144,72958.2771439,41
450020.668601,560183.118669,351765.92194,42
74961.0845511,92826.0900838,53632.5015428,43
265385.199543,308471.47026,228481.39017,44
110311.755396,176640.024557,6414.70359682,45
297925.540072,359207.119484,242606.864839,46
250702.853135,268565.355786,234290.245009,47
425123.927675,522794.635383,363583.610229,48
216657.368801,241160.713695,193646.190311,49
224725.149565,248716.702192,199203.627597,50
50075.9209398,72306.9115429,32100.8671655,51
29411.290431,42301.98,16132.7504641,52
38443.3753528,62339.76,16698.15,53
44418.3693207,59897.8970853,25402.6861759,54
78736.4158562,108321.911699,47894.7056875,55
88750.631085,221561.150425,0.0,56
246108.353931,304522.507623,186359.024952,57
65365.187794,113653.574012,23180.6517018,58
3296.78966926,20140.539972,0.0,59
26605.5784253,79965.6590327,0.0,60
37.3105919551,5476.24027103,0.0,61
0.0,0.0,0.0,62
171104.524328,190271.24951,157206.052284,63
139395.414424,166969.240572,117556.698258,64
194561.585161,215969.27315,171398.034531,65
203097.171356,250121.188742,155977.870017,66
282100.782326,293139.418111,272873.008259,67
264128.136718,403238.835062,122997.274964,68
47623.4593563,104717.831619,0.0,69
322850.112548,377452.981616,275952.314958,70
282294.294695,295997.308781,270226.544792,71
401693.19148,467160.207263,343670.783099,72
325704.428847,412677.149238,224241.352799,73
303544.929389,395222.883385,224245.236311,74
75879.1992186,86345.2963657,63774.3253467,75
150146.434031,183179.751131,109486.391593,76
139878.178593,171237.090395,115492.364478,77
381763.053171,446521.100874,315446.058228,78
44213.8308149,55404.1204557,31067.7457299,79
23346.5144885,36849.5441445,4611.76658145,80
30761.1619101,43149.361762,14944.631472,81
43804.8263809,47764.1247198,39812.012607,82
65489.0154217,78319.1152166,51642.9395192,83
54816.8515951,63043.1891326,45049.3717589,84
52024.4153715,66058.6901762,36879.2049129,85
5101.97491733,36144.4158775,0.0,86
14512.5240226,49498.8431088,0.0,87
668.576339442,12819.3021751,0.0,88
413313.650843,489802.488179,325536.328874,89
12879.0029388,33447.6266142,0.0,90
511660.122857,560637.380356,471662.305786,91
440437.640262,456559.900869,424664.993742,92
474119.114534,486270.087499,462996.02968,93
456895.541549,491441.638591,423261.902518,94
450621.159476,483237.023261,416511.195717,95
449145.321626,505101.288161,396011.283883,96
383939.032343,424609.926309,350567.063974,97
392591.978581,429208.455084,357176.896085,98
76062.1018657,90226.9287448,59122.7557634,99
483112.936421,507223.654136,449514.367732,100
419534.78155,452737.288022,383084.219846,101
397560.511839,446657.042865,328030.938885,102
544140.83594,640401.219177,426337.894652,103
398668.151794,423630.557856,372173.390982,104
364050.965015,382371.443994,346749.572828,105
67247.1959708,84540.5953476,49667.280395,106
265619.309719,272246.233238,257198.597215,107
253628.600771,261932.902418,245813.401926,108
237100.909713,250067.38015,223732.518606,109
170556.814143,182999.450199,159630.773722,110
94466.0315817,97491.5918333,91738.6139304,111
108751.283426,153661.726032,70018.5971369,112
242407.575418,265488.414103,217411.464778,113
196237.329514,237021.097587,149965.25508,114
295114.967845,327261.819763,260159.687143,115
43102.4153154,56244.884975,28122.8709317,116
157442.816561,169604.856554,145016.657725,117
76516.0697499,92390.5012145,61442.6683418,118
38206.5714031,45253.5822416,28857.5337386,119
53144.2792452,66610.03094,38017.324894,120
37514.6055245,43016.6976594,30731.0646447,121
30076.9189131,35573.8100037,24580.3342107,122
27386.767366,32203.1069587,24580.9810069,123
33738.3769811,39951.4219827,29196.4247699,124
106281.505012,124340.232449,92095.5429806,125
172145.157486,206171.245676,139575.934658,126
172516.063376,225251.979859,116887.05,127
55013.9765935,63812.7936523,43067.8479229,128
128460.956818,158245.917984,106038.94323,129
52637.7980968,63117.6733089,38492.2188447,130
34545.1613141,42308.1441483,26129.2598148,131
154566.722609,164600.899283,145669.41995,132
101238.797686,113547.42,86830.38,133
99672.2425086,123173.676005,75007.3522481,134
40604.090514,52649.9385703,28271.9938104,135
108699.982314,142392.794883,67734.2864983,136
179554.682091,196755.723819,163701.664554,137
57352.0765248,82377.54,36735.93,138
141437.432094,203950.085153,100851.296691,139
19004.9162613,26115.5728692,10755.7347712,140
23107.6060325,30731.8701837,14582.9752859,141
73908.781818,96949.385549,42774.1072585,142
63377.6328526,75335.083674,47068.5533217,143
56662.1589575,69954.7332134,39302.3108392,144
156641.248896,190962.748749,127798.85959,145
166781.20962,227550.907489,106663.536474,146
231851.024306,288361.00891,184667.23628,147
178396.362891,271587.209443,75434.1569762,148
31911.2045658,45641.61,17811.36,149
68432.5651661,81578.7275664,57167.415223,150
38419.6133803,53539.079609,23912.706492,151
42872.2816406,63532.860927,24570.7123753,152
15417.9669487,24746.0201107,6412.13547045,153
15706.4308855,40717.0337367,0.0,154
72153.6112654,75811.687825,69401.5503906,155
52111.1686435,69084.7932463,27765.9089287,156
15156.0608296,27599.2072819,3080.18726172,157
5102.11065658,21009.6990567,0.0,158
21845.8677266,30004.5591961,14424.5748493,159
22826.767196,33958.4189991,13870.4110788,160
0.0,0.0,0.0,161
92240.8885977,121031.816399,63923.0517625,162
106373.739094,112485.785221,100335.978808,163
86220.7256998,110683.229449,59085.3730638,164
89870.2772454,103133.47572,79604.5515672,165
100849.921709,103618.526277,97171.9889466,166
43658.8877138,76867.4909325,14943.4717823,167
78561.5532625,84381.6870858,71237.3610018,168
0.0,0.0,0.0,169
0.0,0.0,0.0,170
54569.9303586,60198.2025184,45703.3021083,171
36451.248903,46203.856747,27819.4262592,172
51871.9026568,66903.520444,36536.2099035,173
265585.351816,299143.857909,225728.154791,174
28428.2451965,39562.5840861,16671.8090926,175
5240.82373799,25126.6315021,0.0,176
58225.5988306,82347.0192793,36716.2466,177
466.621247061,14446.1364666,0.0,178
57469.1801444,78473.204118,34722.1699442,179
19980.907387,58702.6756043,0.0,180
1826.84017314,17164.3040852,0.0,181
40984.8878756,58170.2840194,17387.352605,182
10037.5678876,38511.2501568,0.0,183
261947.919727,290756.844325,233855.382651,184
111066.413938,119550.362333,101483.06013,185
220729.980986,248145.325431,196110.852557,186
217530.3129,229620.020162,201873.688559,187
242660.861686,282648.141589,212218.239454,188
223231.164191,255339.621604,189825.941002,189
211019.146445,231438.612891,190358.91,190
332321.893932,364833.556923,302713.167952,191
34129.9013321,63012.2209791,13419.8656708,192
312498.279501,359270.963302,253376.904588,193
248013.973017,304681.338718,188366.557109,194
212950.778435,243530.801037,186039.315787,195
90756.827858,98239.8112258,84329.0081667,196
228946.920825,267859.960822,186327.666519,197
182177.182028,195924.96,166795.721244,198
186183.480585,201306.902454,166912.288102,199
188538.071307,210971.068827,167016.755839,200
168858.872699,183619.970054,154158.24198,201
169203.670729,184827.212552,148265.172141,202
152369.103976,179398.741116,121574.135063,203
147729.179228,170308.459591,122081.806328,204
153783.16293,184533.515404,125809.839054,205
150595.302574,173281.156241,128507.464456,206
7054.61641352,24836.2865651,0.0,207
6944.37901511,33274.5536077,0.0,208
141.879521158,10890.9958433,0.0,209
13540.7983785,56511.7125224,0.0,210
35423.2332,75141.4219371,0.0,211
50853.6776532,81819.1302926,16594.6943828,212
132600.474505,239402.683847,17153.6387468,213
27072.817591,98802.2937884,0.0,214
149730.570111,235116.302103,44013.948438,215
300499.15756,335374.704059,269202.785,216
364918.690162,410382.907512,327991.587848,217
279661.919633,397503.776997,173502.125512,218
306206.297739,396427.630809,199861.981864,219
137587.706482,159869.308067,113502.26158,220
194906.64627,293643.981133,138148.614747,221
284754.110678,349601.446519,227550.907489,222
183972.221907,253063.27896,107398.221015,223
251867.51823,314193.158503,199409.079503,224
309708.939814,370704.141222,252319.499311,225
384002.471461,433373.83774,345410.390477,226
351964.56755,412359.789531,309593.1305,227
384759.205307,444736.603245,328639.13579,228
437683.471871,480477.243991,392300.649285,229
88253.4517783,96779.0935201,81665.2116651,230
68164.1170579,82250.4360871,58706.4797317,231
149908.433509,161439.154154,138109.11074,232
147826.307101,182405.077337,112942.523446,233
88532.750094,157202.753631,6882.85521851,234
0.0,0.0,0.0,235
0.0,0.0,0.0,236
61827.6021899,72629.7691226,52522.6701997,237
121347.582441,141970.324218,98315.8406285,238
78743.6849171,84492.3496663,72619.4189797,239
53534.8543885,66207.1712962,42512.4401291,240
238180.017926,361236.672356,142209.530276,241
45464.4043428,61326.3550069,24426.8664923,242
176313.91803,211587.586678,150283.35,243
111876.526897,141693.548806,84453.5404286,244
108022.625264,132161.183714,90170.01,245
128880.40255,159189.03,91283.22,246
355825.400215,408177.309618,302629.230272,247
307214.944105,333172.669597,277114.662179,248
291881.468655,307527.58649,272428.475858,249
261542.577209,281801.249004,243774.281895,250
40046.9645834,71704.0077409,0.0,251
115178.204023,159519.353181,55687.8619045,252
193130.921391,248568.934646,143107.269962,253
137355.749718,165201.223938,99053.6825925,254
113794.941588,143604.09,83251.3085328,255
103244.285035,132255.122441,76395.9627844,256
56428.6256065,74476.0545832,43312.9188655,257
70495.4916376,81146.9004257,57534.8824943,258
113165.169759,151170.23018,79387.3185532,259
83029.5643715,100676.901232,64482.8055172,260
30396.4079814,98677.9452791,0.0,261
135421.405062,207070.585341,77552.5586976,262
132975.610134,151279.37098,117355.392901,263
151928.852253,183926.625753,112205.980195,264
243540.257599,298845.064479,176827.709891,265
14649.7403926,98220.5078026,0.0,266
23621.7662263,84337.2132266,0.0,267
1218.63682663,17655.9437217,0.0,268
0.0,0.0,0.0,269
29263.7794722,41423.596079,20240.2862012,270
197003.849575,308547.039938,122731.998062,271
168477.287584,241871.904906,108081.883493,272
9100.88962569,19254.6734888,0.0,273
9071.46586703,26940.5392017,0.0,274
70327.5978555,84402.3959559,51436.2444125,275
51808.0657165,69249.1440208,31160.697748,276
36448.1748759,55695.7593637,18094.8795311,277
179446.040828,261608.216808,80567.7743362,278
45911.4412951,64472.9976379,25380.3927814,279
30036.3682652,55147.0366102,16303.1346133,280
29969.0158959,65086.1901612,0.0,281
27483.1621983,56747.6939743,0.0,282
0.244815893172,1064.68683948,0.0,283
36028.1477889,48958.2202703,25330.4755457,284
593234.495196,667650.013765,514470.032544,285
538648.543094,613534.816886,460829.358798,286
426984.781674,505768.619085,373580.498185,287
500888.629243,628068.773074,423623.865295,288
294896.637776,520241.848843,107607.926809,289
333588.455893,425212.906564,239253.908404,290
361639.548064,434477.264485,282043.959647,291
68176.5982824,98804.9323372,36154.2335501,292
371895.615167,498031.324709,218639.762591,293
248276.383926,359587.189019,153153.927703,294
393719.209199,476661.55307,297228.505905,295
195254.381465,241871.904906,156302.312231,296
179736.582939,213500.052865,140637.291237,297
2899.14622986,28943.46,0.0,298
0.0,0.0,0.0,299
105986.61845,142016.563251,81866.9850757,300
7600.21607169,22269.9273525,0.0,301
28911.9024466,42688.312788,17726.4012923,302
51299.5701855,66222.8546358,36950.4956337,303
83181.5939439,194301.127895,0.0,304
25076.1289505,49868.5925987,7408.2245116,305
312571.365882,392309.389461,227289.482358,306
65144.8996004,72388.0507523,57493.9214546,307
173515.501051,223614.262814,116397.126716,308
162053.269545,183147.704607,140829.115103,309
229044.170604,254232.535609,205274.534908,310
301265.829573,315446.058228,292113.01162,311
266132.285882,278137.510361,257255.611499,312
130961.934626,146454.681113,110712.684451,313
297619.089537,347242.811157,256891.252106,314
426977.740273,469100.027285,377241.925872,315
389778.870982,418654.233903,361085.234379,316
474090.623054,534733.061626,434950.744907,317
89511.6761226,128016.86323,52275.5726868,318
110476.403778,145127.838148,67307.0093847,319
9874.41913835,50094.45,0.0,320
543018.965695,566623.89,530400.826117,321
311699.20245,334419.569495,291943.879168,322
69504.2964225,91967.1267904,53321.5515603,323
74141.5092382,83480.8974364,67240.6416069,324
177161.371389,209901.605491,141097.175795,325
71952.9887367,91959.098891,52984.0154755,326
90782.7251505,101614.907159,80802.5814882,327
121889.772053,152149.129132,95588.9323832,328
173422.764939,195717.221473,151099.113003,329
187473.06606,214056.966859,159930.748655,330
157985.087574,174214.76848,142784.830704,331
125280.719103,154927.803079,99634.7413379,332
48072.2892254,81545.9820576,16133.5594713,333
69165.6524889,99104.2697818,36144.1014017,334
336926.899429,390012.524085,263402.516128,335
319999.72606,354352.424424,287315.875372,336
470539.013477,492998.289897,441414.291928,337
483322.800496,531001.17,442705.360095,338
